Vendo Yamaha Mt07 689CC 2022 com 5500km - Nova e Ela;R$ 44.500;https://al.olx.com.br/alagoas/autos-e-pecas/motos/vendo-yamaha-mt07-689cc-2022-com-5500km-nova-e-ela-1153290094
Yamaha Mt07 2016;R$ 33.000;https://al.olx.com.br/alagoas/autos-e-pecas/motos/yamaha-mt07-2016-1164390317
Yamaha Mt-07 Abs 2016;R$ 29.000;https://al.olx.com.br/alagoas/autos-e-pecas/motos/yamaha-mt-07-abs-2016-1162282783
MT-07 / MT07 IMPECÁVEL 2016;R$ 31.800;https://al.olx.com.br/alagoas/autos-e-pecas/motos/mt-07-mt07-impecavel-2016-1163845429
Mt 07 2016 com abs;R$ 35.000;https://al.olx.com.br/alagoas/autos-e-pecas/motos/mt-07-2016-com-abs-1166727140
MT-07 2021 Extra;R$ 43.000;https://al.olx.com.br/alagoas/autos-e-pecas/motos/mt-07-2021-extra-1164428805
MT 07 Ano - 2019;R$ 40.900;https://al.olx.com.br/alagoas/autos-e-pecas/motos/mt-07-ano-2019-1095041148
Vendo e Troco MT-07 2020;R$ 38.000;https://al.olx.com.br/alagoas/autos-e-pecas/motos/vendo-e-troco-mt-07-2020-1147220602
MT 07 NOVA;R$ 35.500;https://al.olx.com.br/alagoas/autos-e-pecas/motos/mt-07-nova-1156011819
Mt 07 2016;R$ 34.400;https://al.olx.com.br/alagoas/autos-e-pecas/motos/mt-07-2016-1151013469
Vendo MT-07 impecável;R$ 32.000;https://al.olx.com.br/alagoas/autos-e-pecas/motos/vendo-mt-07-impecavel-1147995808
MT07 ABS / 2018;R$ 36.990;https://al.olx.com.br/alagoas/autos-e-pecas/motos/mt07-abs-2018-1164598769
Mt07 2021;R$ 41.000;https://al.olx.com.br/alagoas/autos-e-pecas/motos/mt07-2021-1156794198
Moto;R$ 36.999;https://al.olx.com.br/alagoas/autos-e-pecas/motos/moto-1165243009
Moto;R$ 36.999;https://al.olx.com.br/alagoas/autos-e-pecas/motos/moto-1164949173
A vista ou parcelado !;R$ 43.500;https://al.olx.com.br/alagoas/autos-e-pecas/motos/a-vista-ou-parcelado-1153196410
Escape Akrapovic ponteira esportiva pra motocicleta;R$ 359;https://al.olx.com.br/alagoas/autos-e-pecas/pecas-e-acessorios/motos/escape-akrapovic-ponteira-esportiva-pra-motocicleta-1166461517
Up Move Tsi 2016;R$ 51.000;https://al.olx.com.br/alagoas/autos-e-pecas/carros-vans-e-utilitarios/up-move-tsi-2016-1166269719
R3 Monster 2021;R$ 27.000;https://al.olx.com.br/alagoas/autos-e-pecas/motos/r3-monster-2021-1066161303
Gol 1.6 2021;R$ 58.000;https://al.olx.com.br/alagoas/autos-e-pecas/carros-vans-e-utilitarios/gol-1-6-2021-1159573269
Onix prestações 831,25;R$ 65.000;https://al.olx.com.br/alagoas/autos-e-pecas/carros-vans-e-utilitarios/onix-prestacoes-831-25-1137327177
Onix (LT) 1.0 manual - 2015;R$ 47.500;https://al.olx.com.br/alagoas/autos-e-pecas/carros-vans-e-utilitarios/onix-lt-1-0-manual-2015-1162826332
HR 2.5 Diesel - 2009 (Com baú fechado);R$ 62.000;https://al.olx.com.br/alagoas/autos-e-pecas/carros-vans-e-utilitarios/hr-2-5-diesel-2009-com-bau-fechado-1162830636
VW Fox comfortiline 1.6 FLEX;R$ 55.000;https://al.olx.com.br/alagoas/autos-e-pecas/carros-vans-e-utilitarios/vw-fox-comfortiline-1-6-flex-1144157835
Fiat Mobi (Like) 1.0 manual - 2023 (apenas 10 mil rodado);R$ 63.000;https://al.olx.com.br/alagoas/autos-e-pecas/carros-vans-e-utilitarios/fiat-mobi-like-1-0-manual-2023-apenas-10-mil-rodado-1163534870
VW Gol 1.0 - 2020;R$ 52.900;https://al.olx.com.br/alagoas/autos-e-pecas/carros-vans-e-utilitarios/vw-gol-1-0-2020-1142808596
Corolla 1.6 automático - 1993 (carro extra);R$ 22.000;https://al.olx.com.br/alagoas/autos-e-pecas/carros-vans-e-utilitarios/corolla-1-6-automatico-1993-carro-extra-1163046945
Ford Ka (SE) 1.0 manual - 2020;R$ 49.000;https://al.olx.com.br/alagoas/autos-e-pecas/carros-vans-e-utilitarios/ford-ka-se-1-0-manual-2020-1163029637
Ford Ka+ (SE) 1.0 manual - 2020 (sedan);R$ 57.000;https://al.olx.com.br/alagoas/autos-e-pecas/carros-vans-e-utilitarios/ford-ka-se-1-0-manual-2020-sedan-1163025537
Renault Kwid (Zen) 1.0 manual - 2022 (Na garantia de fábrica);R$ 53.500;https://al.olx.com.br/alagoas/autos-e-pecas/carros-vans-e-utilitarios/renault-kwid-zen-1-0-manual-2022-na-garantia-de-fabrica-1163015856
Gol G7 (MPI) 1.0 manual - 2022 (apenas 15mil km);R$ 65.000;https://al.olx.com.br/alagoas/autos-e-pecas/carros-vans-e-utilitarios/gol-g7-mpi-1-0-manual-2022-apenas-15mil-km-1162894644
Uno (Vivace) 1.0 manual - 2015;R$ 40.000;https://al.olx.com.br/alagoas/autos-e-pecas/carros-vans-e-utilitarios/uno-vivace-1-0-manual-2015-1162894397
Fiorino (Hard Working) 1.4 manual - 2021;R$ 78.000;https://al.olx.com.br/alagoas/autos-e-pecas/carros-vans-e-utilitarios/fiorino-hard-working-1-4-manual-2021-1162894134
HR-V (EXL) 1.8 automático (CVT7) - 2019 (Único dono);R$ 115.000;https://al.olx.com.br/alagoas/autos-e-pecas/carros-vans-e-utilitarios/hr-v-exl-1-8-automatico-cvt7-2019-unico-dono-1162838943
Duster Oroch (Expression) 1.6 manual - 2019;R$ 73.000;https://al.olx.com.br/alagoas/autos-e-pecas/carros-vans-e-utilitarios/duster-oroch-expression-1-6-manual-2019-1162837553
Prisma (Joy) 1.0 manual - 2019 (6 marchas);R$ 54.500;https://al.olx.com.br/alagoas/autos-e-pecas/carros-vans-e-utilitarios/prisma-joy-1-0-manual-2019-6-marchas-1162832683
Chevrolet Classic (LS) 1.0 manual - 2015 (Com GNV G5);R$ 37.500;https://al.olx.com.br/alagoas/autos-e-pecas/carros-vans-e-utilitarios/chevrolet-classic-ls-1-0-manual-2015-com-gnv-g5-1162823694
Argo (Drive) 1.0 manual - 2019;R$ 59.000;https://al.olx.com.br/alagoas/autos-e-pecas/carros-vans-e-utilitarios/argo-drive-1-0-manual-2019-1162817834
Peugeot 2008 (Griffe) 1.6 automático - 2016 (com teto solar);R$ 57.500;https://al.olx.com.br/alagoas/autos-e-pecas/carros-vans-e-utilitarios/peugeot-2008-griffe-1-6-automatico-2016-com-teto-solar-1162813533
Chevrolet Onix Joy 2020;R$ 58.000;https://al.olx.com.br/alagoas/autos-e-pecas/carros-vans-e-utilitarios/chevrolet-onix-joy-2020-1142373573
CBR 650F 2015 EXTRA 2 PNEUS ZERO!!!;R$ 38.900;https://al.olx.com.br/alagoas/autos-e-pecas/motos/cbr-650f-2015-extra-2-pneus-zero-1160170107
Agile LTZ 1.4;R$ 33.000;https://al.olx.com.br/alagoas/autos-e-pecas/carros-vans-e-utilitarios/agile-ltz-1-4-1142432981
Suzuki Haojue DR 160 2023;R$ 19.500;https://al.olx.com.br/alagoas/autos-e-pecas/motos/suzuki-haojue-dr-160-2023-1155461378
Ford KA SE 1.0 2019;R$ 49.900;https://al.olx.com.br/alagoas/autos-e-pecas/carros-vans-e-utilitarios/ford-ka-se-1-0-2019-1142385825
Jeep Compass Longitude 4x2 Flex Kit Premium Limited;R$ 115.000;https://al.olx.com.br/alagoas/autos-e-pecas/carros-vans-e-utilitarios/jeep-compass-longitude-4x2-flex-kit-premium-limited-1149918199
Vendo Yamaha Mt07 689CC 2022 com 5500km - Nova e Ela;R$ 44.500;https://al.olx.com.br/alagoas/autos-e-pecas/motos/vendo-yamaha-mt07-689cc-2022-com-5500km-nova-e-ela-1153290094
Yamaha Mt07 2016;R$ 33.000;https://al.olx.com.br/alagoas/autos-e-pecas/motos/yamaha-mt07-2016-1164390317
YAMAHA MT-07;R$ 30.000;https://al.olx.com.br/alagoas/autos-e-pecas/motos/yamaha-mt-07-1167499898
Yamaha Mt-07 Abs 2016;R$ 29.000;https://al.olx.com.br/alagoas/autos-e-pecas/motos/yamaha-mt-07-abs-2016-1162282783
Sua Oportunidade de ter uma Yamaha MT07;R$ 35.500;https://al.olx.com.br/alagoas/autos-e-pecas/motos/sua-oportunidade-de-ter-uma-yamaha-mt07-1165243009
MT 07 Ano - 2019;R$ 40.900;https://al.olx.com.br/alagoas/autos-e-pecas/motos/mt-07-ano-2019-1095041148
Mt 07;R$ 32.000;https://al.olx.com.br/alagoas/autos-e-pecas/motos/mt-07-1167896959
MT-07 2021 Extra;R$ 43.000;https://al.olx.com.br/alagoas/autos-e-pecas/motos/mt-07-2021-extra-1164428805
Vendo e Troco MT-07 2020;R$ 38.000;https://al.olx.com.br/alagoas/autos-e-pecas/motos/vendo-e-troco-mt-07-2020-1147220602
MT 07 NOVA;R$ 35.500;https://al.olx.com.br/alagoas/autos-e-pecas/motos/mt-07-nova-1156011819
Mt 07 2016;R$ 34.400;https://al.olx.com.br/alagoas/autos-e-pecas/motos/mt-07-2016-1151013469
Vendo MT-07 impecável;R$ 32.000;https://al.olx.com.br/alagoas/autos-e-pecas/motos/vendo-mt-07-impecavel-1147995808
MT07 ABS / 2018;R$ 36.990;https://al.olx.com.br/alagoas/autos-e-pecas/motos/mt07-abs-2018-1164598769
Mt07 2021;R$ 41.000;https://al.olx.com.br/alagoas/autos-e-pecas/motos/mt07-2021-1156794198
Moto;R$ 33.999;https://al.olx.com.br/alagoas/autos-e-pecas/motos/moto-1164949173
A vista ou parcelado !;R$ 43.500;https://al.olx.com.br/alagoas/autos-e-pecas/motos/a-vista-ou-parcelado-1153196410
Escape Akrapovic ponteira esportiva pra motocicleta;R$ 329;https://al.olx.com.br/alagoas/autos-e-pecas/pecas-e-acessorios/motos/escape-akrapovic-ponteira-esportiva-pra-motocicleta-1170432483
VW Gol 1.0 - 2020;R$ 52.900;https://al.olx.com.br/alagoas/autos-e-pecas/carros-vans-e-utilitarios/vw-gol-1-0-2020-1142808596
Ford Ka+ (SE) 1.0 manual - 2020 (sedan);R$ 57.000;https://al.olx.com.br/alagoas/autos-e-pecas/carros-vans-e-utilitarios/ford-ka-se-1-0-manual-2020-sedan-1163025537
Prisma (Joy) 1.0 manual - 2019 (6 marchas);R$ 54.500;https://al.olx.com.br/alagoas/autos-e-pecas/carros-vans-e-utilitarios/prisma-joy-1-0-manual-2019-6-marchas-1162832683
Fiorino (Hard Working) 1.4 manual - 2021;R$ 78.000;https://al.olx.com.br/alagoas/autos-e-pecas/carros-vans-e-utilitarios/fiorino-hard-working-1-4-manual-2021-1162894134
Chevrolet Classic (LS) 1.0 manual - 2015 (Com GNV G5);R$ 37.500;https://al.olx.com.br/alagoas/autos-e-pecas/carros-vans-e-utilitarios/chevrolet-classic-ls-1-0-manual-2015-com-gnv-g5-1162823694
Uno (Vivace) 1.0 manual - 2015;R$ 40.000;https://al.olx.com.br/alagoas/autos-e-pecas/carros-vans-e-utilitarios/uno-vivace-1-0-manual-2015-1162894397
Fiat Mobi (Like) 1.0 manual - 2023 (apenas 10 mil rodado);R$ 63.000;https://al.olx.com.br/alagoas/autos-e-pecas/carros-vans-e-utilitarios/fiat-mobi-like-1-0-manual-2023-apenas-10-mil-rodado-1163534870
Renault Kwid (Zen) 1.0 manual - 2022 (Na garantia de fábrica);R$ 53.500;https://al.olx.com.br/alagoas/autos-e-pecas/carros-vans-e-utilitarios/renault-kwid-zen-1-0-manual-2022-na-garantia-de-fabrica-1163015856
Gol G7 (MPI) 1.0 manual - 2022 (apenas 15mil km);R$ 65.000;https://al.olx.com.br/alagoas/autos-e-pecas/carros-vans-e-utilitarios/gol-g7-mpi-1-0-manual-2022-apenas-15mil-km-1162894644
Chevrolet Onix Joy 2020;R$ 58.000;https://al.olx.com.br/alagoas/autos-e-pecas/carros-vans-e-utilitarios/chevrolet-onix-joy-2020-1142373573
Ford Ka (SE) 1.0 manual - 2020;R$ 49.000;https://al.olx.com.br/alagoas/autos-e-pecas/carros-vans-e-utilitarios/ford-ka-se-1-0-manual-2020-1163029637
Argo (Drive) 1.0 manual - 2019;R$ 59.000;https://al.olx.com.br/alagoas/autos-e-pecas/carros-vans-e-utilitarios/argo-drive-1-0-manual-2019-1162817834
HR 2.5 Diesel - 2009 (Com baú fechado);R$ 60.000;https://al.olx.com.br/alagoas/autos-e-pecas/carros-vans-e-utilitarios/hr-2-5-diesel-2009-com-bau-fechado-1162830636
HB20 1.0 Comfort - 2014;R$ 46.500;https://al.olx.com.br/alagoas/autos-e-pecas/carros-vans-e-utilitarios/hb20-1-0-comfort-2014-1167611233
Onix (LT) 1.0 manual - 2015;R$ 47.500;https://al.olx.com.br/alagoas/autos-e-pecas/carros-vans-e-utilitarios/onix-lt-1-0-manual-2015-1162826332
Up Move Tsi 2016;R$ 47.000;https://al.olx.com.br/alagoas/autos-e-pecas/carros-vans-e-utilitarios/up-move-tsi-2016-1166269719
Gol 1.6 2021;R$ 58.000;https://al.olx.com.br/alagoas/autos-e-pecas/carros-vans-e-utilitarios/gol-1-6-2021-1159573269
Onix prestações 831,25;R$ 65.000;https://al.olx.com.br/alagoas/autos-e-pecas/carros-vans-e-utilitarios/onix-prestacoes-831-25-1137327177
VW Fox comfortiline 1.6 FLEX;R$ 55.000;https://al.olx.com.br/alagoas/autos-e-pecas/carros-vans-e-utilitarios/vw-fox-comfortiline-1-6-flex-1144157835
CBR 650F 2015 EXTRA 2 PNEUS ZERO!!!;R$ 38.900;https://al.olx.com.br/alagoas/autos-e-pecas/motos/cbr-650f-2015-extra-2-pneus-zero-1160170107
Agile LTZ 1.4;R$ 33.000;https://al.olx.com.br/alagoas/autos-e-pecas/carros-vans-e-utilitarios/agile-ltz-1-4-1142432981
Suzuki Haojue DR 160 2023;R$ 19.500;https://al.olx.com.br/alagoas/autos-e-pecas/motos/suzuki-haojue-dr-160-2023-1155461378
Ford Ka Se PLUS 1.0 2020;R$ 57.000;https://al.olx.com.br/alagoas/autos-e-pecas/carros-vans-e-utilitarios/ford-ka-se-plus-1-0-2020-1142385825
Jeep Compass Longitude 4x2 Flex Kit Premium Limited;R$ 115.000;https://al.olx.com.br/alagoas/autos-e-pecas/carros-vans-e-utilitarios/jeep-compass-longitude-4x2-flex-kit-premium-limited-1149918199
